Models,Runs,KLdist,PSE_NS,PSE_SS,Hidden,Lambda1,Lambda2,SequenceLength
Test_01_HU_512_l1_0.001_l2_0.1_l3_00_SL_400_encdim_155,002,0.17188958595260492,0.2606519576352855,0.5205972263984392,512,0.001,0.1,400
Test_01_HU_512_l1_0.001_l2_0.1_l3_00_SL_400_encdim_155,003,0.1710222902632988,0.28338660604668753,0.5436307796648773,512,0.001,0.1,400
Test_01_HU_512_l1_0.001_l2_0.1_l3_00_SL_400_encdim_155,001,0.17102904097306984,0.2828589182977656,0.5611312436517474,512,0.001,0.1,400
Test_01_HU_512_l1_0.001_l2_01_l3_00_SL_400_encdim_155,002,,nan,,512,0.001,1.0,400
Test_01_HU_512_l1_0.001_l2_01_l3_00_SL_400_encdim_155,003,0.17870346313932325,0.2594241023993288,0.4082821478839923,512,0.001,1.0,400
Test_01_HU_512_l1_0.001_l2_01_l3_00_SL_400_encdim_155,001,0.18109198961571643,0.27119361251734625,0.6045159766161095,512,0.001,1.0,400
